,trialno,correctno,delay,cpd,selected,totdur,switches,tpertrial,subj
0,1,2,1.5,2,2,18.644,5,3.7287999999999997,eva
1,2,3,0.0,2,3,15.21,4,3.8025,eva
2,3,1,1.5,8,1,15.550999999999998,4,3.8877499999999996,eva
3,4,2,0.0,2,2,25.41,4,6.3525,eva
4,5,2,1.5,2,2,19.208000000000002,4,4.8020000000000005,eva
5,6,2,1.5,8,1,22.692999999999998,6,3.7821666666666665,eva
6,7,1,0.0,8,1,17.904,4,4.476,eva
7,8,3,0.0,2,2,15.650000000000002,4,3.9125000000000005,eva
8,9,2,0.0,8,2,20.292,4,5.073,eva
9,10,1,1.5,2,1,14.599,4,3.64975,eva
10,11,1,1.5,8,1,13.093200000000001,4,3.2733000000000003,eva
11,12,3,0.0,8,3,10.429,3,3.4763333333333333,eva
12,13,1,0.0,2,1,12.151,4,3.03775,eva
13,14,1,0.0,8,1,15.541999999999998,4,3.8854999999999995,eva
14,15,2,1.5,8,1,17.811,5,3.5622,eva
15,16,1,0.0,8,1,20.052999999999997,5,4.010599999999999,eva
16,17,2,1.5,2,2,13.832,5,2.7664,eva
17,18,2,0.0,2,2,9.475999999999999,4,2.3689999999999998,eva
18,19,2,0.0,8,1,19.965000000000003,8,2.4956250000000004,eva
19,20,1,1.5,8,1,31.27,7,4.467142857142857,eva
20,21,2,0.0,2,2,13.038999999999998,5,2.6077999999999997,eva
21,22,2,0.0,2,1,10.051,4,2.51275,eva
22,23,1,1.5,8,1,23.643,7,3.3775714285714287,eva
23,24,2,1.5,2,2,17.595,5,3.5189999999999997,eva
24,25,1,0.0,2,1,17.814,5,3.5628,eva
25,26,2,1.5,2,2,19.811,5,3.9622,eva
26,27,2,0.0,8,2,15.283999999999999,4,3.8209999999999997,eva
27,28,1,0.0,8,2,19.872,5,3.9744,eva
28,29,3,1.5,8,2,22.357000000000003,5,4.471400000000001,eva
29,30,3,0.0,2,3,14.933,4,3.73325,eva
30,31,1,1.5,2,1,9.438,4,2.3595,eva
31,32,2,0.0,8,2,25.473999999999997,5,5.094799999999999,eva
32,33,1,1.5,2,1,13.020000000000001,4,3.2550000000000003,eva
33,34,2,1.5,8,2,15.136,5,3.0271999999999997,eva
34,35,2,0.0,2,3,9.298,3,3.0993333333333335,eva
35,36,1,0.0,2,1,15.443000000000001,5,3.0886000000000005,eva
36,37,2,1.5,2,2,16.062,6,2.677,eva
37,38,2,0.0,8,2,12.38,4,3.095,eva
38,39,2,0.0,2,1,17.151,5,3.4302,eva
39,40,2,0.0,8,2,13.227,4,3.30675,eva
40,41,3,0.0,8,3,14.846,6,2.4743333333333335,eva
41,42,3,1.5,8,2,18.238,4,4.5595,eva
42,43,1,0.0,8,1,18.547,4,4.63675,eva
43,44,1,0.0,2,1,15.016,4,3.754,eva
44,45,3,1.5,8,2,10.201,4,2.55025,eva
45,46,3,1.5,2,2,15.064,4,3.766,eva
46,47,1,1.5,8,1,13.584,4,3.396,eva
47,48,1,0.0,2,1,18.727,6,3.121166666666667,eva
48,49,2,1.5,8,2,13.478000000000002,5,2.6956,eva
49,50,1,0.0,2,1,14.174,5,2.8348,eva
50,51,3,1.5,2,3,13.530000000000001,4,3.3825000000000003,eva
51,52,1,1.5,2,1,15.046,4,3.7615,eva
52,53,1,1.5,2,1,19.113,5,3.8226,eva
53,54,3,0.0,8,2,19.41,5,3.882,eva
54,55,2,1.5,8,2,24.18,7,3.454285714285714,eva
55,56,1,0.0,8,1,11.642,4,2.9105,eva
56,57,1,1.5,8,1,10.449,4,2.61225,eva
57,58,2,1.5,8,3,21.951,4,5.48775,eva
58,59,3,1.5,2,3,12.823,4,3.20575,eva
59,60,1,1.5,2,2,12.035,4,3.00875,eva
60,1,2,1.5,2,2,12.612000000000002,5,2.5224,Lorenz
61,2,3,0.0,2,3,16.839,4,4.20975,Lorenz
62,3,1,1.5,8,1,15.457,5,3.0914,Lorenz
63,4,2,0.0,2,2,18.619,4,4.65475,Lorenz
64,5,2,1.5,2,2,15.552,3,5.184,Lorenz
65,6,2,1.5,8,2,10.356,3,3.452,Lorenz
66,7,1,0.0,8,1,13.351,3,4.450333333333334,Lorenz
67,8,3,0.0,2,2,19.377000000000002,4,4.844250000000001,Lorenz
68,9,2,0.0,8,2,18.95,3,6.316666666666666,Lorenz
69,10,1,1.5,2,1,13.277,3,4.425666666666666,Lorenz
70,11,1,1.5,8,1,19.544,4,4.886,Lorenz
71,12,3,0.0,8,2,20.255000000000003,3,6.751666666666668,Lorenz
72,13,1,0.0,2,1,17.434,5,3.4868,Lorenz
73,14,1,0.0,8,1,13.091000000000001,3,4.363666666666667,Lorenz
74,15,2,1.5,8,1,20.55,3,6.8500000000000005,Lorenz
75,16,1,0.0,8,1,25.192,4,6.298,Lorenz
76,17,2,1.5,2,2,16.739,3,5.579666666666667,Lorenz
77,18,2,0.0,2,2,36.41,5,7.281999999999999,Lorenz
78,19,2,0.0,8,2,19.348000000000003,4,4.837000000000001,Lorenz
79,20,1,1.5,8,1,16.954,3,5.6513333333333335,Lorenz
80,21,2,0.0,2,2,13.607,4,3.40175,Lorenz
81,22,2,0.0,2,1,19.738999999999997,4,4.934749999999999,Lorenz
82,23,1,1.5,8,1,20.953999999999997,4,5.238499999999999,Lorenz
83,24,2,1.5,2,2,31.389,6,5.2315,Lorenz
84,25,1,0.0,2,1,19.605,3,6.535,Lorenz
85,26,2,1.5,2,2,30.248,8,3.781,Lorenz
86,27,2,0.0,8,2,20.409,6,3.4015,Lorenz
87,28,1,0.0,8,2,19.9401,9,2.2155666666666667,Lorenz
88,29,3,1.5,8,3,21.777,3,7.259,Lorenz
89,30,3,0.0,2,3,14.841999999999999,3,4.947333333333333,Lorenz
90,31,1,1.5,2,1,17.03,4,4.2575,Lorenz
91,32,2,0.0,8,2,26.676000000000002,4,6.6690000000000005,Lorenz
92,33,1,1.5,2,1,16.491,3,5.497,Lorenz
93,34,2,1.5,8,2,18.361,4,4.59025,Lorenz
94,35,2,0.0,2,2,14.766,6,2.461,Lorenz
95,36,1,0.0,2,1,12.689,6,2.1148333333333333,Lorenz
96,37,2,1.5,2,2,12.701,4,3.17525,Lorenz
97,38,2,0.0,8,2,23.417,6,3.9028333333333336,Lorenz
98,39,2,0.0,2,1,9.469,6,1.5781666666666665,Lorenz
99,40,2,0.0,8,2,22.047999999999995,7,3.149714285714285,Lorenz
100,41,3,0.0,8,1,13.161,5,2.6322,Lorenz
101,42,3,1.5,8,3,16.660999999999998,4,4.1652499999999995,Lorenz
102,43,1,0.0,8,1,16.943,7,2.420428571428572,Lorenz
103,44,1,0.0,2,1,19.171000000000003,5,3.8342000000000005,Lorenz
104,45,3,1.5,8,3,24.465999999999998,7,3.4951428571428567,Lorenz
105,46,3,1.5,2,3,17.171000000000003,6,2.8618333333333337,Lorenz
106,47,1,1.5,8,1,20.983999999999998,5,4.1968,Lorenz
107,48,1,0.0,2,1,13.174,5,2.6348,Lorenz
108,49,2,1.5,8,2,18.338,5,3.6676,Lorenz
109,50,1,0.0,2,1,11.183,5,2.2366,Lorenz
110,51,3,1.5,2,2,10.572000000000001,4,2.6430000000000002,Lorenz
111,52,1,1.5,2,1,16.904,4,4.226,Lorenz
112,53,1,1.5,2,1,10.721000000000002,4,2.6802500000000005,Lorenz
113,54,3,0.0,8,3,10.557,5,2.1114,Lorenz
114,55,2,1.5,8,1,17.537,6,2.922833333333333,Lorenz
115,56,1,0.0,8,1,16.936999999999998,5,3.3873999999999995,Lorenz
116,57,1,1.5,8,1,16.049,4,4.01225,Lorenz
117,58,2,1.5,8,2,25.45,6,4.241666666666666,Lorenz
118,59,3,1.5,2,3,13.058,3,4.352666666666667,Lorenz
119,60,1,1.5,2,1,15.085999999999999,4,3.7714999999999996,Lorenz
120,1,2,1.5,2,1,13.338000000000001,7,1.9054285714285715,Patrick
121,2,3,0.0,2,3,11.635000000000002,4,2.9087500000000004,Patrick
122,3,1,1.5,8,2,0.0,0,,Patrick
123,4,2,0.0,2,2,12.923,4,3.23075,Patrick
124,5,2,1.5,2,3,12.379999999999999,5,2.476,Patrick
125,6,2,1.5,8,1,11.7392,4,2.9348,Patrick
126,7,1,0.0,8,2,12.8448,4,3.2112,Patrick
127,8,3,0.0,2,3,23.297299999999996,8,2.9121624999999995,Patrick
128,9,2,0.0,8,2,18.8591,6,3.1431833333333334,Patrick
129,10,1,1.5,2,1,28.345999999999997,8,3.5432499999999996,Patrick
130,11,1,1.5,8,1,12.184000000000001,4,3.0460000000000003,Patrick
131,12,3,0.0,8,3,20.415,7,2.9164285714285714,Patrick
132,13,1,0.0,2,1,21.529099999999996,10,2.1529099999999994,Patrick
133,14,1,0.0,8,1,15.982999999999999,4,3.9957499999999997,Patrick
134,15,2,1.5,8,1,14.238999999999999,4,3.5597499999999997,Patrick
135,16,1,0.0,8,1,18.722,4,4.6805,Patrick
136,17,2,1.5,2,2,18.788,5,3.7576,Patrick
137,18,2,0.0,2,2,15.652000000000001,4,3.9130000000000003,Patrick
138,19,2,0.0,8,2,18.5018,8,2.312725,Patrick
139,20,1,1.5,8,1,22.858,4,5.7145,Patrick
140,21,2,0.0,2,2,15.039,6,2.5065,Patrick
141,22,2,0.0,2,2,12.336,5,2.4672,Patrick
142,23,1,1.5,8,1,15.570199999999998,6,2.595033333333333,Patrick
143,24,2,1.5,2,2,14.223999999999998,5,2.8447999999999998,Patrick
144,25,1,0.0,2,1,11.866999999999999,4,2.9667499999999998,Patrick
145,26,2,1.5,2,2,12.962,5,2.5924,Patrick
146,27,2,0.0,8,2,22.313699999999997,9,2.4793,Patrick
147,28,1,0.0,8,1,36.8861,6,6.147683333333333,Patrick
148,29,3,1.5,8,2,22.373,8,2.796625,Patrick
149,30,3,0.0,2,2,14.2158,5,2.84316,Patrick
150,31,1,1.5,2,2,12.154,5,2.4308,Patrick
151,32,2,0.0,8,2,26.2915,10,2.62915,Patrick
152,33,1,1.5,2,2,13.517999999999999,7,1.931142857142857,Patrick
153,34,2,1.5,8,2,12.495999999999999,5,2.4991999999999996,Patrick
154,35,2,0.0,2,1,21.1976,7,3.0282285714285715,Patrick
155,36,1,0.0,2,1,20.239,5,4.0478000000000005,Patrick
156,37,2,1.5,2,1,16.932000000000002,6,2.8220000000000005,Patrick
157,38,2,0.0,8,1,14.515,4,3.62875,Patrick
158,39,2,0.0,2,1,13.2124,7,1.8874857142857144,Patrick
159,40,2,0.0,8,2,11.0168,6,1.8361333333333334,Patrick
160,41,3,0.0,8,3,17.351000000000003,5,3.4702000000000006,Patrick
161,42,3,1.5,8,2,16.899,4,4.22475,Patrick
162,43,1,0.0,8,1,17.614,5,3.5228,Patrick
163,44,1,0.0,2,1,15.790799999999999,6,2.6317999999999997,Patrick
164,45,3,1.5,8,2,16.195999999999998,4,4.0489999999999995,Patrick
165,46,3,1.5,2,3,16.45,5,3.29,Patrick
166,47,1,1.5,8,1,18.592999999999996,5,3.7185999999999995,Patrick
167,48,1,0.0,2,1,13.768999999999998,4,3.4422499999999996,Patrick
168,49,2,1.5,8,2,16.55,6,2.7583333333333333,Patrick
169,50,1,0.0,2,1,12.495,4,3.12375,Patrick
170,51,3,1.5,2,3,9.5924,6,1.5987333333333333,Patrick
171,52,1,1.5,2,1,15.165000000000001,4,3.7912500000000002,Patrick
172,53,1,1.5,2,1,11.927,5,2.3853999999999997,Patrick
173,54,3,0.0,8,2,6.7132,4,1.6783,Patrick
174,55,2,1.5,8,2,20.206,4,5.0515,Patrick
175,56,1,0.0,8,2,13.258,4,3.3145,Patrick
176,57,1,1.5,8,1,20.803,5,4.1606000000000005,Patrick
177,58,2,1.5,8,1,13.979,5,2.7958,Patrick
178,59,3,1.5,2,3,12.366999999999999,4,3.0917499999999998,Patrick
179,60,1,1.5,2,1,16.025,3,5.341666666666666,Patrick
180,1,2,1.5,2,2,26.086,8,3.26075,Sofie
181,2,3,0.0,2,3,33.82950000000001,5,6.765900000000002,Sofie
182,3,1,1.5,8,1,23.0916,5,4.61832,Sofie
183,4,2,0.0,2,2,18.981599999999997,8,2.3726999999999996,Sofie
184,5,2,1.5,2,2,22.213,6,3.702166666666667,Sofie
185,6,2,1.5,8,2,27.1013,8,3.3876625,Sofie
186,7,1,0.0,8,1,21.1151,11,1.9195545454545455,Sofie
187,8,3,0.0,2,2,0.0,0,,Sofie
188,9,2,0.0,8,2,19.2857,8,2.4107125,Sofie
189,10,1,1.5,2,1,27.096999999999998,3,9.032333333333332,Sofie
190,11,1,1.5,8,1,20.874000000000002,3,6.958000000000001,Sofie
191,12,3,0.0,8,3,39.37019999999999,11,3.57910909090909,Sofie
192,13,1,0.0,2,1,27.534899999999997,11,2.503172727272727,Sofie
193,14,1,0.0,8,1,10.937000000000001,9,1.2152222222222224,Sofie
194,15,2,1.5,8,1,17.6144,8,2.2018,Sofie
195,16,1,0.0,8,1,14.852400000000001,8,1.8565500000000001,Sofie
196,17,2,1.5,2,2,15.07,7,2.152857142857143,Sofie
197,18,2,0.0,2,2,13.119900000000001,10,1.3119900000000002,Sofie
198,19,2,0.0,8,2,21.12270000000001,12,1.7602250000000008,Sofie
199,20,1,1.5,8,1,13.004100000000001,5,2.60082,Sofie
200,21,2,0.0,2,1,15.0395,10,1.5039500000000001,Sofie
201,22,2,0.0,2,2,16.5361,16,1.03350625,Sofie
202,23,1,1.5,8,1,23.0908,7,3.2986857142857144,Sofie
203,24,2,1.5,2,2,13.7616,6,2.2936,Sofie
204,25,1,0.0,2,1,13.2166,8,1.652075,Sofie
205,26,2,1.5,2,2,12.059399999999998,7,1.7227714285714284,Sofie
206,27,2,0.0,8,2,14.887999999999998,12,1.2406666666666666,Sofie
207,28,1,0.0,8,1,12.243900000000002,11,1.1130818181818183,Sofie
208,29,3,1.5,8,3,8.302,3,2.767333333333333,Sofie
209,30,3,0.0,2,2,9.2756,6,1.5459333333333334,Sofie
210,31,1,1.5,2,1,12.712,3,4.237333333333333,Sofie
211,32,2,0.0,8,2,11.517899999999997,10,1.1517899999999996,Sofie
212,33,1,1.5,2,1,8.8713,6,1.47855,Sofie
213,34,2,1.5,8,2,12.0604,5,2.41208,Sofie
214,35,2,0.0,2,2,5.624600000000001,10,0.5624600000000001,Sofie
215,36,1,0.0,2,1,31.913300000000007,11,2.9012090909090915,Sofie
216,37,2,1.5,2,1,7.8588000000000005,5,1.57176,Sofie
217,38,2,0.0,8,1,45.399499999999996,11,4.127227272727272,Sofie
218,39,2,0.0,2,2,10.5885,12,0.882375,Sofie
219,40,2,0.0,8,3,0.0,0,,Sofie
220,41,3,0.0,8,3,18.226000000000003,14,1.301857142857143,Sofie
221,42,3,1.5,8,2,17.0396,7,2.4342285714285716,Sofie
222,43,1,0.0,8,1,8.0467,12,0.6705583333333333,Sofie
223,44,1,0.0,2,1,10.269,7,1.467,Sofie
224,45,3,1.5,8,3,16.092,3,5.364,Sofie
225,46,3,1.5,2,3,15.677299999999999,4,3.9193249999999997,Sofie
226,47,1,1.5,8,2,13.5165,7,1.9309285714285715,Sofie
227,48,1,0.0,2,1,13.8425,11,1.2584090909090908,Sofie
228,49,2,1.5,8,3,12.6527,7,1.8075285714285714,Sofie
229,50,1,0.0,2,1,15.281699999999999,8,1.9102124999999999,Sofie
230,51,3,1.5,2,3,8.721,4,2.18025,Sofie
231,52,1,1.5,2,2,16.4717,7,2.3531,Sofie
232,53,1,1.5,2,2,14.215,4,3.55375,Sofie
233,54,3,0.0,8,3,18.939300000000003,9,2.104366666666667,Sofie
234,55,2,1.5,8,2,20.749000000000002,8,2.5936250000000003,Sofie
235,56,1,0.0,8,2,8.0268,7,1.1466857142857143,Sofie
236,57,1,1.5,8,1,10.4476,3,3.482533333333333,Sofie
237,58,2,1.5,8,2,11.0677,5,2.21354,Sofie
238,59,3,1.5,2,3,11.006,6,1.8343333333333334,Sofie
239,60,1,1.5,2,2,8.565999999999999,4,2.1414999999999997,Sofie
240,1,2,1.5,2,2,37.02,3,12.340000000000002,VP1
241,2,3,0.0,2,1,85.3172,9,9.479688888888889,VP1
242,3,1,1.5,8,3,0.0,0,,VP1
243,4,2,0.0,2,3,0.0,0,,VP1
244,5,2,1.5,2,3,0.0,0,,VP1
245,6,2,1.5,8,3,0.0,0,,VP1
246,7,1,0.0,8,3,0.0,0,,VP1
247,8,3,0.0,2,3,0.0,0,,VP1
248,9,2,0.0,8,3,0.0,0,,VP1
249,10,1,1.5,2,3,0.0,0,,VP1
250,11,1,1.5,8,3,0.0,0,,VP1
251,12,3,0.0,8,3,0.0,0,,VP1
252,13,1,0.0,2,3,0.0,0,,VP1
253,14,1,0.0,8,3,0.0,0,,VP1
254,15,2,1.5,8,3,0.0,0,,VP1
255,16,1,0.0,8,3,0.0,0,,VP1
256,17,2,1.5,2,3,0.0,0,,VP1
257,18,2,0.0,2,3,0.0,0,,VP1
258,19,2,0.0,8,3,0.0,0,,VP1
259,20,1,1.5,8,3,0.0,0,,VP1
260,21,2,0.0,2,2,0.0,0,,VP1
261,22,2,0.0,2,3,0.0,0,,VP1
262,23,1,1.5,8,3,0.0,0,,VP1
263,24,2,1.5,2,3,0.0,0,,VP1
264,25,1,0.0,2,3,0.0,0,,VP1
265,26,2,1.5,2,3,0.0,0,,VP1
266,27,2,0.0,8,3,0.0,0,,VP1
267,28,1,0.0,8,3,0.0,0,,VP1
268,29,3,1.5,8,3,0.0,0,,VP1
269,30,3,0.0,2,3,0.0,0,,VP1
270,31,1,1.5,2,3,0.0,0,,VP1
271,32,2,0.0,8,3,0.0,0,,VP1
272,33,1,1.5,2,3,0.0,0,,VP1
273,34,2,1.5,8,3,0.0,0,,VP1
274,35,2,0.0,2,3,0.0,0,,VP1
275,36,1,0.0,2,3,0.0,0,,VP1
276,37,2,1.5,2,3,0.0,0,,VP1
277,38,2,0.0,8,3,0.0,0,,VP1
278,39,2,0.0,2,3,0.0,0,,VP1
279,40,2,0.0,8,3,0.0,0,,VP1
280,41,3,0.0,8,3,0.0,0,,VP1
281,42,3,1.5,8,3,0.0,0,,VP1
282,43,1,0.0,8,3,0.0,0,,VP1
283,44,1,0.0,2,3,0.0,0,,VP1
284,45,3,1.5,8,3,0.0,0,,VP1
285,46,3,1.5,2,3,0.0,0,,VP1
286,47,1,1.5,8,3,0.0,0,,VP1
287,48,1,0.0,2,3,0.0,0,,VP1
288,49,2,1.5,8,3,0.0,0,,VP1
289,50,1,0.0,2,3,0.0,0,,VP1
290,51,3,1.5,2,3,0.0,0,,VP1
291,52,1,1.5,2,3,0.0,0,,VP1
292,53,1,1.5,2,3,0.0,0,,VP1
293,54,3,0.0,8,3,0.0,0,,VP1
294,55,2,1.5,8,3,0.0,0,,VP1
295,56,1,0.0,8,3,0.0,0,,VP1
296,57,1,1.5,8,3,0.0,0,,VP1
297,58,2,1.5,8,3,0.0,0,,VP1
298,59,3,1.5,2,3,0.0,0,,VP1
299,60,1,1.5,2,3,0.0,0,,VP1
300,1,2,1.5,2,1,21.555999999999997,8,2.6944999999999997,VP2
301,2,3,0.0,2,3,16.299,8,2.037375,VP2
302,3,1,1.5,8,1,57.59699999999999,19,3.031421052631578,VP2
303,4,2,0.0,2,2,16.0803,9,1.7867000000000002,VP2
304,5,2,1.5,2,2,17.708,5,3.5416,VP2
305,6,2,1.5,8,2,28.381000000000004,10,2.8381000000000003,VP2
306,7,1,0.0,8,1,16.1532,10,1.6153199999999999,VP2
307,8,3,0.0,2,3,13.147499999999999,10,1.3147499999999999,VP2
308,9,2,0.0,8,2,19.8215,15,1.3214333333333335,VP2
309,10,1,1.5,2,1,21.535,10,2.1535,VP2
310,11,1,1.5,8,1,30.551000000000005,13,2.3500769230769234,VP2
311,12,3,0.0,8,3,15.081,7,2.1544285714285714,VP2
312,13,1,0.0,2,1,17.179299999999998,14,1.227092857142857,VP2
313,14,1,0.0,8,1,12.796600000000002,8,1.5995750000000002,VP2
314,15,2,1.5,8,2,22.3412,13,1.718553846153846,VP2
315,16,1,0.0,8,1,11.1692,8,1.39615,VP2
316,17,2,1.5,2,2,36.26399999999999,16,2.2664999999999993,VP2
317,18,2,0.0,2,2,14.534199999999997,13,1.1180153846153844,VP2
318,19,2,0.0,8,2,11.2341,9,1.2482333333333333,VP2
319,20,1,1.5,8,1,22.609,8,2.826125,VP2
320,21,2,0.0,2,2,11.653100000000002,10,1.1653100000000003,VP2
321,22,2,0.0,2,2,20.591299999999997,17,1.2112529411764703,VP2
322,23,1,1.5,8,2,19.578,5,3.9156,VP2
323,24,2,1.5,2,2,21.168000000000003,8,2.6460000000000004,VP2
324,25,1,0.0,2,1,10.5628,9,1.1736444444444443,VP2
325,26,2,1.5,2,2,27.813,11,2.5284545454545455,VP2
326,27,2,0.0,8,2,14.1581,11,1.2871,VP2
327,28,1,0.0,8,1,14.5481,9,1.6164555555555555,VP2
328,29,3,1.5,8,3,18.144,9,2.016,VP2
329,30,3,0.0,2,3,12.987,10,1.2987,VP2
330,31,1,1.5,2,1,16.943,8,2.117875,VP2
331,32,2,0.0,8,2,15.956199999999999,13,1.2273999999999998,VP2
332,33,1,1.5,2,1,18.169,7,2.5955714285714286,VP2
333,34,2,1.5,8,2,15.012999999999998,7,2.1447142857142856,VP2
334,35,2,0.0,2,2,9.849,7,1.407,VP2
335,36,1,0.0,2,1,10.677900000000001,9,1.1864333333333335,VP2
336,37,2,1.5,2,2,14.686,6,2.4476666666666667,VP2
337,38,2,0.0,8,1,15.366800000000001,10,1.53668,VP2
338,39,2,0.0,2,2,16.418100000000003,15,1.09454,VP2
339,40,2,0.0,8,2,11.601399999999998,9,1.2890444444444442,VP2
340,41,3,0.0,8,3,14.362100000000002,9,1.5957888888888891,VP2
341,42,3,1.5,8,3,18.1682,7,2.5954571428571427,VP2
342,43,1,0.0,8,1,10.834399999999999,9,1.2038222222222221,VP2
343,44,1,0.0,2,1,9.679800000000002,10,0.9679800000000002,VP2
344,45,3,1.5,8,3,24.5793,11,2.234481818181818,VP2
345,46,3,1.5,2,3,13.896999999999998,5,2.7794,VP2
346,47,1,1.5,8,1,22.344500000000004,12,1.862041666666667,VP2
347,48,1,0.0,2,1,10.4489,9,1.1609888888888888,VP2
348,49,2,1.5,8,2,24.121000000000002,13,1.8554615384615387,VP2
349,50,1,0.0,2,1,8.4817,8,1.0602125,VP2
350,51,3,1.5,2,3,12.668,6,2.111333333333333,VP2
351,52,1,1.5,2,2,18.294999999999998,8,2.2868749999999998,VP2
352,53,1,1.5,2,1,9.006,4,2.2515,VP2
353,54,3,0.0,8,3,10.5967,10,1.0596700000000001,VP2
354,55,2,1.5,8,2,30.152999999999995,16,1.8845624999999997,VP2
355,56,1,0.0,8,1,11.088599999999998,10,1.1088599999999997,VP2
356,57,1,1.5,8,1,17.112,9,1.901333333333333,VP2
357,58,2,1.5,8,2,12.469999999999999,8,1.5587499999999999,VP2
358,59,3,1.5,2,3,15.3559,9,1.7062111111111111,VP2
359,60,1,1.5,2,1,10.2504,7,1.4643428571428572,VP2
360,1,2,1.5,2,3,34.4779,11,3.134354545454545,vp4
361,2,3,0.0,2,3,36.802,9,4.089111111111111,vp4
362,3,1,1.5,8,1,26.0169,7,3.7167,vp4
363,4,2,0.0,2,2,18.4365,7,2.633785714285714,vp4
364,5,2,1.5,2,1,20.3414,9,2.2601555555555555,vp4
365,6,2,1.5,8,2,24.784200000000002,9,2.7538,vp4
366,7,1,0.0,8,1,25.860599999999998,8,3.2325749999999998,vp4
367,8,3,0.0,2,3,28.447999999999997,10,2.8447999999999998,vp4
368,9,2,0.0,8,2,45.446619999999996,18,2.524812222222222,vp4
369,10,1,1.5,2,1,17.365000000000002,4,4.3412500000000005,vp4
370,11,1,1.5,8,1,40.3626,8,5.045325,vp4
371,12,3,0.0,8,3,37.63870000000001,11,3.421700000000001,vp4
372,13,1,0.0,2,1,33.8913,17,1.9936058823529412,vp4
373,14,1,0.0,8,1,13.7426,8,1.717825,vp4
374,15,2,1.5,8,2,22.4403,10,2.24403,vp4
375,16,1,0.0,8,1,18.573700000000006,14,1.3266928571428576,vp4
376,17,2,1.5,2,2,11.7595,8,1.4699375,vp4
377,18,2,0.0,2,2,18.817199999999996,11,1.7106545454545452,vp4
378,19,2,0.0,8,2,10.8721,9,1.2080111111111111,vp4
379,20,1,1.5,8,1,23.964399999999998,11,2.178581818181818,vp4
380,21,2,0.0,2,2,21.703600000000005,13,1.6695076923076928,vp4
381,22,2,0.0,2,2,12.374400000000001,12,1.0312000000000001,vp4
382,23,1,1.5,8,1,14.5065,13,1.1158846153846154,vp4
383,24,2,1.5,2,2,34.3548,22,1.561581818181818,vp4
384,25,1,0.0,2,2,11.6637,9,1.2959666666666667,vp4
385,26,2,1.5,2,2,13.3697,12,1.1141416666666666,vp4
386,27,2,0.0,8,2,22.035899999999998,15,1.4690599999999998,vp4
387,28,1,0.0,8,1,17.4045,13,1.3388076923076921,vp4
388,29,3,1.5,8,3,16.6006,10,1.66006,vp4
389,30,3,0.0,2,3,12.350700000000003,13,0.9500538461538464,vp4
390,31,1,1.5,2,2,0.0,0,,vp4
391,32,2,0.0,8,2,16.891299999999998,13,1.299330769230769,vp4
392,33,1,1.5,2,2,15.801300000000001,11,1.4364818181818182,vp4
393,34,2,1.5,8,2,9.0854,7,1.2979142857142858,vp4
394,35,2,0.0,2,2,17.296999999999997,10,1.7296999999999998,vp4
395,36,1,0.0,2,1,9.7128,11,0.8829818181818182,vp4
396,37,2,1.5,2,2,14.91,9,1.6566666666666667,vp4
397,38,2,0.0,8,2,11.364500000000001,11,1.0331363636363637,vp4
398,39,2,0.0,2,2,20.192600000000002,15,1.3461733333333334,vp4
399,40,2,0.0,8,2,15.698500000000001,15,1.0465666666666666,vp4
400,41,3,0.0,8,3,12.739899999999999,12,1.0616583333333331,vp4
401,42,3,1.5,8,3,20.312900000000003,24,0.8463708333333334,vp4
402,43,1,0.0,8,1,12.597600000000002,14,0.8998285714285715,vp4
403,44,1,0.0,2,1,9.529700000000002,11,0.8663363636363638,vp4
404,45,3,1.5,8,3,13.7037,12,1.141975,vp4
405,46,3,1.5,2,3,17.3576,18,0.9643111111111112,vp4
406,47,1,1.5,8,1,18.5653,17,1.0920764705882353,vp4
407,48,1,0.0,2,1,10.990400000000001,11,0.9991272727272729,vp4
408,49,2,1.5,8,2,12.8055,13,0.9850384615384615,vp4
409,50,1,0.0,2,1,5.441,9,0.6045555555555555,vp4
410,51,3,1.5,2,3,44.3086,41,1.0806975609756098,vp4
411,52,1,1.5,2,1,24.601100000000002,22,1.1182318181818183,vp4
412,53,1,1.5,2,1,11.3895,17,0.6699705882352941,vp4
413,54,3,0.0,8,3,13.116800000000001,13,1.0089846153846156,vp4
414,55,2,1.5,8,2,60.99329999999999,17,3.5878411764705875,vp4
415,56,1,0.0,8,1,17.958,16,1.122375,vp4
416,57,1,1.5,8,1,10.7749,12,0.8979083333333334,vp4
417,58,2,1.5,8,2,12.644199999999996,13,0.972630769230769,vp4
418,59,3,1.5,2,3,27.2368,15,1.8157866666666667,vp4
419,60,1,1.5,2,1,9.287099999999999,8,1.1608874999999999,vp4
420,1,2,1.5,2,2,14.272,5,2.8544,VP5
421,2,3,0.0,2,3,24.145,6,4.024166666666667,VP5
422,3,1,1.5,8,1,17.282,4,4.3205,VP5
423,4,2,0.0,2,2,22.539,4,5.63475,VP5
424,5,2,1.5,2,1,17.764,5,3.5528,VP5
425,6,2,1.5,8,2,22.344,6,3.724,VP5
426,7,1,0.0,8,1,18.425,4,4.60625,VP5
427,8,3,0.0,2,3,20.414,7,2.9162857142857144,VP5
428,9,2,0.0,8,2,23.38,5,4.676,VP5
429,10,1,1.5,2,1,10.268,6,1.7113333333333334,VP5
430,11,1,1.5,8,1,11.921999999999999,6,1.9869999999999999,VP5
431,12,3,0.0,8,3,16.6904,6,2.7817333333333334,VP5
432,13,1,0.0,2,1,12.008000000000001,4,3.0020000000000002,VP5
433,14,1,0.0,8,1,18.192999999999998,4,4.5482499999999995,VP5
434,15,2,1.5,8,2,19.894000000000002,7,2.842,VP5
435,16,1,0.0,8,1,8.942,4,2.2355,VP5
436,17,2,1.5,2,2,18.487799999999996,9,2.0542,VP5
437,18,2,0.0,2,2,16.847,6,2.8078333333333334,VP5
438,19,2,0.0,8,2,18.8,7,2.685714285714286,VP5
439,20,1,1.5,8,1,14.350999999999999,6,2.391833333333333,VP5
440,21,2,0.0,2,2,11.514999999999999,5,2.303,VP5
441,22,2,0.0,2,1,13.094,6,2.1823333333333332,VP5
442,23,1,1.5,8,1,10.522000000000002,6,1.753666666666667,VP5
443,24,2,1.5,2,2,12.543,7,1.7918571428571428,VP5
444,25,1,0.0,2,1,14.219000000000001,6,2.3698333333333337,VP5
445,26,2,1.5,2,2,16.853,6,2.8088333333333337,VP5
446,27,2,0.0,8,2,15.858,6,2.6430000000000002,VP5
447,28,1,0.0,8,1,14.575,6,2.4291666666666667,VP5
448,29,3,1.5,8,3,9.588000000000001,4,2.3970000000000002,VP5
449,30,3,0.0,2,3,12.569,4,3.14225,VP5
450,31,1,1.5,2,1,14.116700000000002,7,2.0166714285714287,VP5
451,32,2,0.0,8,2,15.258000000000001,6,2.543,VP5
452,33,1,1.5,2,1,13.758000000000001,7,1.9654285714285715,VP5
453,34,2,1.5,8,2,17.673000000000002,8,2.2091250000000002,VP5
454,35,2,0.0,2,2,14.100000000000001,6,2.35,VP5
455,36,1,0.0,2,1,8.261499999999998,6,1.3769166666666663,VP5
456,37,2,1.5,2,2,10.75,6,1.7916666666666667,VP5
457,38,2,0.0,8,2,12.068000000000001,6,2.0113333333333334,VP5
458,39,2,0.0,2,1,13.544999999999998,6,2.2575,VP5
459,40,2,0.0,8,1,12.799,6,2.1331666666666664,VP5
460,41,3,0.0,8,2,13.442,6,2.2403333333333335,VP5
461,42,3,1.5,8,3,14.597,6,2.4328333333333334,VP5
462,43,1,0.0,8,1,15.455000000000002,6,2.5758333333333336,VP5
463,44,1,0.0,2,1,10.631,6,1.7718333333333334,VP5
464,45,3,1.5,8,3,12.610000000000001,6,2.101666666666667,VP5
465,46,3,1.5,2,3,9.4128,6,1.5688000000000002,VP5
466,47,1,1.5,8,1,12.105,6,2.0175,VP5
467,48,1,0.0,2,1,10.977,6,1.8295000000000001,VP5
468,49,2,1.5,8,2,17.127,7,2.4467142857142856,VP5
469,50,1,0.0,2,1,8.996,6,1.4993333333333334,VP5
470,51,3,1.5,2,3,12.191,5,2.4382,VP5
471,52,1,1.5,2,1,11.360999999999999,6,1.8934999999999997,VP5
472,53,1,1.5,2,1,9.497,5,1.8994,VP5
473,54,3,0.0,8,3,10.728000000000002,5,2.1456000000000004,VP5
474,55,2,1.5,8,2,12.555000000000001,6,2.0925000000000002,VP5
475,56,1,0.0,8,1,12.053,6,2.0088333333333335,VP5
476,57,1,1.5,8,1,13.21,6,2.2016666666666667,VP5
477,58,2,1.5,8,2,11.789000000000001,7,1.6841428571428574,VP5
478,59,3,1.5,2,3,13.915,6,2.3191666666666664,VP5
479,60,1,1.5,2,1,9.5302,6,1.5883666666666667,VP5
480,1,2,1.5,2,2,56.004000000000005,3,18.668000000000003,vp6
481,2,3,0.0,2,2,104.68,2,52.34,vp6
482,3,1,1.5,8,2,165.76,3,55.25333333333333,vp6
483,4,2,0.0,2,2,59.971000000000004,4,14.992750000000001,vp6
484,5,2,1.5,2,2,49.5664,3,16.522133333333333,vp6
485,6,2,1.5,8,3,62.61,1,62.61,vp6
486,7,1,0.0,8,2,77.17,3,25.723333333333333,vp6
487,8,3,0.0,2,3,53.01,2,26.505,vp6
488,9,2,0.0,8,3,110.83,3,36.943333333333335,vp6
489,10,1,1.5,2,1,59.785,4,14.94625,vp6
490,11,1,1.5,8,1,68.8,2,34.4,vp6
491,12,3,0.0,8,3,64.46000000000001,3,21.486666666666668,vp6
492,13,1,0.0,2,3,66.05000000000001,2,33.025000000000006,vp6
493,14,1,0.0,8,3,41.84,1,41.84,vp6
494,15,2,1.5,8,1,61.260000000000005,2,30.630000000000003,vp6
495,16,1,0.0,8,1,111.99000000000001,4,27.997500000000002,vp6
496,17,2,1.5,2,3,88.47,2,44.235,vp6
497,18,2,0.0,2,1,67.352,3,22.450666666666667,vp6
498,19,2,0.0,8,1,42.78,2,21.39,vp6
499,20,1,1.5,8,2,48.381,4,12.09525,vp6
500,21,2,0.0,2,2,66.86,3,22.286666666666665,vp6
501,22,2,0.0,2,1,78.37400000000001,6,13.062333333333335,vp6
502,23,1,1.5,8,3,79.18,2,39.59,vp6
503,24,2,1.5,2,3,35.99,1,35.99,vp6
504,25,1,0.0,2,1,45.66,2,22.83,vp6
505,26,2,1.5,2,3,56.66,2,28.33,vp6
506,27,2,0.0,8,3,61.870000000000005,3,20.623333333333335,vp6
507,28,1,0.0,8,2,25.2237,3,8.4079,vp6
508,29,3,1.5,8,2,95.73,3,31.91,vp6
509,30,3,0.0,2,3,47.72,2,23.86,vp6
510,31,1,1.5,2,1,74.43,3,24.810000000000002,vp6
511,32,2,0.0,8,2,50.87,5,10.174,vp6
512,33,1,1.5,2,1,44.876999999999995,3,14.958999999999998,vp6
513,34,2,1.5,8,1,34.382,3,11.460666666666667,vp6
514,35,2,0.0,2,2,65.762,4,16.4405,vp6
515,36,1,0.0,2,1,57.349999999999994,6,9.558333333333332,vp6
516,37,2,1.5,2,3,54.580000000000005,3,18.193333333333335,vp6
517,38,2,0.0,8,2,51.739000000000004,4,12.934750000000001,vp6
518,39,2,0.0,2,1,54.472,3,18.157333333333334,vp6
519,40,2,0.0,8,2,46.449,4,11.61225,vp6
520,41,3,0.0,8,3,69.793,4,17.44825,vp6
521,42,3,1.5,8,3,57.65,3,19.216666666666665,vp6
522,43,1,0.0,8,2,7.924799999999999,2,3.9623999999999997,vp6
523,44,1,0.0,2,2,79.358,4,19.8395,vp6
524,45,3,1.5,8,3,40.17,1,40.17,vp6
525,46,3,1.5,2,1,68.2,2,34.1,vp6
526,47,1,1.5,8,2,68.55,3,22.849999999999998,vp6
527,48,1,0.0,2,2,106.94,3,35.64666666666667,vp6
528,49,2,1.5,8,3,56.882,3,18.960666666666665,vp6
529,50,1,0.0,2,1,37.208,2,18.604,vp6
530,51,3,1.5,2,3,35.331,3,11.777000000000001,vp6
531,52,1,1.5,2,1,69.42,2,34.71,vp6
532,53,1,1.5,2,3,14.85,1,14.85,vp6
533,54,3,0.0,8,2,64.51,3,21.503333333333334,vp6
534,55,2,1.5,8,2,43.68000000000001,3,14.560000000000002,vp6
535,56,1,0.0,8,3,55.55,3,18.516666666666666,vp6
536,57,1,1.5,8,1,58.346,3,19.448666666666664,vp6
537,58,2,1.5,8,1,24.465999999999998,2,12.232999999999999,vp6
538,59,3,1.5,2,3,24.16,1,24.16,vp6
539,60,1,1.5,2,3,35.76,2,17.88,vp6
